-- 1、在broadleaf-framework模块的load_admin_menu.sql添加如下sql

INSERT INTO BLC_ADMIN_MODULE (ADMIN_MODULE_ID, NAME, MODULE_KEY, ICON, DISPLAY_ORDER) VALUES (-10,'Order','Order','fas fa-list-ol',560)

--Order Management
INSERT INTO BLC_ADMIN_SECTION (ADMIN_SECTION_ID, DISPLAY_ORDER, ADMIN_MODULE_ID, NAME, SECTION_KEY, URL, CEILING_ENTITY) VALUES (-18, 12000, -10, 'Order Management', 'Order', '/order', 'org.broadleafcommerce.core.order.domain.Order');
INSERT INTO BLC_ADMIN_SECTION (ADMIN_SECTION_ID, DISPLAY_ORDER, ADMIN_MODULE_ID, NAME, SECTION_KEY, URL, CEILING_ENTITY) VALUES (-19, 12001, -10, '扫码核销', 'OrderWriteOffScanCode', '/order/pcWriteOff/scanCode', null );
INSERT INTO BLC_ADMIN_SECTION (ADMIN_SECTION_ID, DISPLAY_ORDER, ADMIN_MODULE_ID, NAME, SECTION_KEY, URL, CEILING_ENTITY) VALUES (-20, 12002, -10, '核销列表', 'OrderWriteOffList', '/order/pcWriteOff/orderList', null );

INSERT INTO BLC_ADMIN_PERMISSION (ADMIN_PERMISSION_ID, DESCRIPTION, NAME, PERMISSION_TYPE) VALUES (-70000,'扫码核销','PERMISSION_SCAN_CODE', 'ALL');
INSERT INTO BLC_ADMIN_SEC_PERM_XREF (ADMIN_SECTION_ID, ADMIN_PERMISSION_ID) VALUES (-19,-70000);
INSERT INTO BLC_ADMIN_ROLE_PERMISSION_XREF (ADMIN_ROLE_ID, ADMIN_PERMISSION_ID) VALUES (-1,-70000);

INSERT INTO BLC_ADMIN_PERMISSION (ADMIN_PERMISSION_ID, DESCRIPTION, NAME, PERMISSION_TYPE) VALUES (-70001,'核销列表','PERMISSION_ORDER_SCAN_LIST', 'ALL');
INSERT INTO BLC_ADMIN_SEC_PERM_XREF (ADMIN_SECTION_ID, ADMIN_PERMISSION_ID) VALUES (-20,-70001);
INSERT INTO BLC_ADMIN_ROLE_PERMISSION_XREF (ADMIN_ROLE_ID, ADMIN_PERMISSION_ID) VALUES (-1,-70001);

--order
INSERT INTO BLC_ADMIN_SEC_PERM_XREF (ADMIN_SECTION_ID, ADMIN_PERMISSION_ID) VALUES (-18,-12);
INSERT INTO BLC_ADMIN_SEC_PERM_XREF (ADMIN_SECTION_ID, ADMIN_PERMISSION_ID) VALUES (-18,-13);
INSERT INTO BLC_ADMIN_SEC_PERM_XREF (ADMIN_SECTION_ID, ADMIN_PERMISSION_ID) VALUES (-18,-16);
INSERT INTO BLC_ADMIN_SEC_PERM_XREF (ADMIN_SECTION_ID, ADMIN_PERMISSION_ID) VALUES (-18,-17);

INSERT INTO BLC_ADMIN_PERMISSION_ENTITY (ADMIN_PERMISSION_ENTITY_ID, CEILING_ENTITY, ADMIN_PERMISSION_ID) VALUES (-2000, 'cn.com.kelaikewang.core.order.domain.AfterSales', -13);

-- 2、在broadleaf-framework模块的load_admin_roles.sql添加如下sql

INSERT INTO BLC_ADMIN_ROLE_PERMISSION_XREF (ADMIN_ROLE_ID, ADMIN_PERMISSION_ID) VALUES (-1,-12);
INSERT INTO BLC_ADMIN_ROLE_PERMISSION_XREF (ADMIN_ROLE_ID, ADMIN_PERMISSION_ID) VALUES (-1,-13);
INSERT INTO BLC_ADMIN_ROLE_PERMISSION_XREF (ADMIN_ROLE_ID, ADMIN_PERMISSION_ID) VALUES (-1,-16);
INSERT INTO BLC_ADMIN_ROLE_PERMISSION_XREF (ADMIN_ROLE_ID, ADMIN_PERMISSION_ID) VALUES (-1,-17);



-- 3、显示structured-content


INSERT INTO BLC_ADMIN_SECTION (ADMIN_SECTION_ID, DISPLAY_ORDER, ADMIN_MODULE_ID, NAME, SECTION_KEY, URL, CEILING_ENTITY) VALUES (-18000000, 12000, -2, 'Structured Content Management', 'StructuredContent', '/structured-content', 'org.broadleafcommerce.cms.structure.domain.StructuredContent');


INSERT INTO BLC_ADMIN_PERMISSION (ADMIN_PERMISSION_ID, DESCRIPTION, NAME, PERMISSION_TYPE) VALUES (-57,'Create Structured Content','PERMISSION_CREATE_STRUCTURED_CONTENT', 'CREATE');
INSERT INTO BLC_ADMIN_PERMISSION (ADMIN_PERMISSION_ID, DESCRIPTION, NAME, PERMISSION_TYPE) VALUES (-58,'Update Structured Content','PERMISSION_UPDATE_STRUCTURED_CONTENT', 'UPDATE');
INSERT INTO BLC_ADMIN_PERMISSION (ADMIN_PERMISSION_ID, DESCRIPTION, NAME, PERMISSION_TYPE) VALUES (-59,'Delete Structured Content','PERMISSION_DELETE_STRUCTURED_CONTENT', 'DELETE');
INSERT INTO BLC_ADMIN_PERMISSION (ADMIN_PERMISSION_ID, DESCRIPTION, NAME, PERMISSION_TYPE) VALUES (-60,'Read Structured Content','PERMISSION_READ_STRUCTURED_CONTENT', 'READ');
INSERT INTO BLC_ADMIN_PERMISSION (ADMIN_PERMISSION_ID, DESCRIPTION, NAME, PERMISSION_TYPE) VALUES (-61,'All Structured Content','PERMISSION_ALL_STRUCTURED_CONTENT', 'ALL');
INSERT INTO BLC_ADMIN_PERMISSION_ENTITY (ADMIN_PERMISSION_ENTITY_ID, CEILING_ENTITY, ADMIN_PERMISSION_ID) VALUES (-650, 'org.broadleafcommerce.cms.structure.domain.StructuredContent', -57);
INSERT INTO BLC_ADMIN_PERMISSION_ENTITY (ADMIN_PERMISSION_ENTITY_ID, CEILING_ENTITY, ADMIN_PERMISSION_ID) VALUES (-651, 'org.broadleafcommerce.cms.structure.domain.StructuredContent', -58);
INSERT INTO BLC_ADMIN_PERMISSION_ENTITY (ADMIN_PERMISSION_ENTITY_ID, CEILING_ENTITY, ADMIN_PERMISSION_ID) VALUES (-652, 'org.broadleafcommerce.cms.structure.domain.StructuredContent', -59);
INSERT INTO BLC_ADMIN_PERMISSION_ENTITY (ADMIN_PERMISSION_ENTITY_ID, CEILING_ENTITY, ADMIN_PERMISSION_ID) VALUES (-653, 'org.broadleafcommerce.cms.structure.domain.StructuredContent', -60);
INSERT INTO BLC_ADMIN_PERMISSION_ENTITY (ADMIN_PERMISSION_ENTITY_ID, CEILING_ENTITY, ADMIN_PERMISSION_ID) VALUES (-654, 'org.broadleafcommerce.cms.structure.domain.StructuredContent', -61);
INSERT INTO BLC_ADMIN_PERMISSION_ENTITY (ADMIN_PERMISSION_ENTITY_ID, CEILING_ENTITY, ADMIN_PERMISSION_ID) VALUES (-655, 'org.broadleafcommerce.cms.structure.domain.StructuredContentType', -57);
INSERT INTO BLC_ADMIN_PERMISSION_ENTITY (ADMIN_PERMISSION_ENTITY_ID, CEILING_ENTITY, ADMIN_PERMISSION_ID) VALUES (-656, 'org.broadleafcommerce.cms.structure.domain.StructuredContentType', -58);
INSERT INTO BLC_ADMIN_PERMISSION_ENTITY (ADMIN_PERMISSION_ENTITY_ID, CEILING_ENTITY, ADMIN_PERMISSION_ID) VALUES (-657, 'org.broadleafcommerce.cms.structure.domain.StructuredContentType', -59);
INSERT INTO BLC_ADMIN_PERMISSION_ENTITY (ADMIN_PERMISSION_ENTITY_ID, CEILING_ENTITY, ADMIN_PERMISSION_ID) VALUES (-658, 'org.broadleafcommerce.cms.structure.domain.StructuredContentType', -60);
INSERT INTO BLC_ADMIN_PERMISSION_ENTITY (ADMIN_PERMISSION_ENTITY_ID, CEILING_ENTITY, ADMIN_PERMISSION_ID) VALUES (-659, 'org.broadleafcommerce.cms.structure.domain.StructuredContentType', -61);
INSERT INTO BLC_ADMIN_PERMISSION_ENTITY (ADMIN_PERMISSION_ENTITY_ID, CEILING_ENTITY, ADMIN_PERMISSION_ID) VALUES (-660, 'org.broadleafcommerce.cms.structure.domain.StructuredContentItemCriteria', -57);
INSERT INTO BLC_ADMIN_PERMISSION_ENTITY (ADMIN_PERMISSION_ENTITY_ID, CEILING_ENTITY, ADMIN_PERMISSION_ID) VALUES (-661, 'org.broadleafcommerce.cms.structure.domain.StructuredContentItemCriteria', -58);
INSERT INTO BLC_ADMIN_PERMISSION_ENTITY (ADMIN_PERMISSION_ENTITY_ID, CEILING_ENTITY, ADMIN_PERMISSION_ID) VALUES (-662, 'org.broadleafcommerce.cms.structure.domain.StructuredContentItemCriteria', -59);
INSERT INTO BLC_ADMIN_PERMISSION_ENTITY (ADMIN_PERMISSION_ENTITY_ID, CEILING_ENTITY, ADMIN_PERMISSION_ID) VALUES (-663, 'org.broadleafcommerce.cms.structure.domain.StructuredContentItemCriteria', -60);
INSERT INTO BLC_ADMIN_PERMISSION_ENTITY (ADMIN_PERMISSION_ENTITY_ID, CEILING_ENTITY, ADMIN_PERMISSION_ID) VALUES (-664, 'org.broadleafcommerce.cms.structure.domain.StructuredContentItemCriteria', -61);
INSERT INTO BLC_ADMIN_PERMISSION_ENTITY (ADMIN_PERMISSION_ENTITY_ID, CEILING_ENTITY, ADMIN_PERMISSION_ID) VALUES (-665, 'org.broadleafcommerce.cms.structure.domain.StructuredContentFieldTemplate', -57);
INSERT INTO BLC_ADMIN_PERMISSION_ENTITY (ADMIN_PERMISSION_ENTITY_ID, CEILING_ENTITY, ADMIN_PERMISSION_ID) VALUES (-666, 'org.broadleafcommerce.cms.structure.domain.StructuredContentFieldTemplate', -58);
INSERT INTO BLC_ADMIN_PERMISSION_ENTITY (ADMIN_PERMISSION_ENTITY_ID, CEILING_ENTITY, ADMIN_PERMISSION_ID) VALUES (-667, 'org.broadleafcommerce.cms.structure.domain.StructuredContentFieldTemplate', -59);
INSERT INTO BLC_ADMIN_PERMISSION_ENTITY (ADMIN_PERMISSION_ENTITY_ID, CEILING_ENTITY, ADMIN_PERMISSION_ID) VALUES (-668, 'org.broadleafcommerce.cms.structure.domain.StructuredContentFieldTemplate', -60);
INSERT INTO BLC_ADMIN_PERMISSION_ENTITY (ADMIN_PERMISSION_ENTITY_ID, CEILING_ENTITY, ADMIN_PERMISSION_ID) VALUES (-669, 'org.broadleafcommerce.cms.structure.domain.StructuredContentFieldTemplate', -61);

INSERT INTO BLC_ADMIN_SEC_PERM_XREF (ADMIN_SECTION_ID, ADMIN_PERMISSION_ID) VALUES (-18000000,-57);
INSERT INTO BLC_ADMIN_SEC_PERM_XREF (ADMIN_SECTION_ID, ADMIN_PERMISSION_ID) VALUES (-18000000,-58);
INSERT INTO BLC_ADMIN_SEC_PERM_XREF (ADMIN_SECTION_ID, ADMIN_PERMISSION_ID) VALUES (-18000000,-59);
INSERT INTO BLC_ADMIN_SEC_PERM_XREF (ADMIN_SECTION_ID, ADMIN_PERMISSION_ID) VALUES (-18000000,-60);
INSERT INTO BLC_ADMIN_SEC_PERM_XREF (ADMIN_SECTION_ID, ADMIN_PERMISSION_ID) VALUES (-18000000,-61);



INSERT INTO BLC_ADMIN_ROLE_PERMISSION_XREF (ADMIN_ROLE_ID, ADMIN_PERMISSION_ID) VALUES (-1,-57);
INSERT INTO BLC_ADMIN_ROLE_PERMISSION_XREF (ADMIN_ROLE_ID, ADMIN_PERMISSION_ID) VALUES (-1,-58);
INSERT INTO BLC_ADMIN_ROLE_PERMISSION_XREF (ADMIN_ROLE_ID, ADMIN_PERMISSION_ID) VALUES (-1,-59);
INSERT INTO BLC_ADMIN_ROLE_PERMISSION_XREF (ADMIN_ROLE_ID, ADMIN_PERMISSION_ID) VALUES (-1,-60);
INSERT INTO BLC_ADMIN_ROLE_PERMISSION_XREF (ADMIN_ROLE_ID, ADMIN_PERMISSION_ID) VALUES (-1,-61);


-- 4、系统配置菜单
-- INSERT INTO BLC_ADMIN_SECTION (ADMIN_SECTION_ID, DISPLAY_ORDER, ADMIN_MODULE_ID, NAME, SECTION_KEY, URL, CEILING_ENTITY) VALUES (-13, 1000, -5, 'Configuration Management', 'ConfigurationManagement', '/configuration-management', 'org.broadleafcommerce.common.config.domain.ModuleConfiguration');
INSERT INTO BLC_ADMIN_SECTION (ADMIN_SECTION_ID, DISPLAY_ORDER, ADMIN_MODULE_ID, NAME, SECTION_KEY, URL, CEILING_ENTITY) VALUES (-15, 30000, -5, 'System Property Management', 'SystemPropertyManagement', '/system-properties-management', 'org.broadleafcommerce.common.config.domain.SystemProperty');
-- INSERT INTO BLC_ADMIN_SECTION (ADMIN_SECTION_ID, DISPLAY_ORDER, ADMIN_MODULE_ID, NAME, SECTION_KEY, URL, CEILING_ENTITY) VALUES (-16, 2000, -5, 'System Properties', 'SystemProperties', '/system-properties', 'org.broadleafcommerce.common.config.domain.SystemProperty');

-- Module Configuration
-- INSERT INTO BLC_ADMIN_PERMISSION (ADMIN_PERMISSION_ID, DESCRIPTION, NAME, PERMISSION_TYPE) VALUES (-89,'Create Configuration','PERMISSION_CREATE_MODULECONFIGURATION', 'CREATE');
-- INSERT INTO BLC_ADMIN_PERMISSION (ADMIN_PERMISSION_ID, DESCRIPTION, NAME, PERMISSION_TYPE) VALUES (-90,'Update Configuration','PERMISSION_UPDATE_MODULECONFIGURATION', 'UPDATE');
-- INSERT INTO BLC_ADMIN_PERMISSION (ADMIN_PERMISSION_ID, DESCRIPTION, NAME, PERMISSION_TYPE) VALUES (-91,'Delete Configuration','PERMISSION_DELETE_MODULECONFIGURATION', 'DELETE');
-- INSERT INTO BLC_ADMIN_PERMISSION (ADMIN_PERMISSION_ID, DESCRIPTION, NAME, PERMISSION_TYPE) VALUES (-92,'Read Configuration','PERMISSION_READ_MODULECONFIGURATION', 'READ');
-- INSERT INTO BLC_ADMIN_PERMISSION (ADMIN_PERMISSION_ID, DESCRIPTION, NAME, PERMISSION_TYPE) VALUES (-93,'All Configuration','PERMISSION_ALL_MODULECONFIGURATION', 'ALL');


-- INSERT INTO BLC_ADMIN_PERMISSION_ENTITY (ADMIN_PERMISSION_ENTITY_ID, CEILING_ENTITY, ADMIN_PERMISSION_ID) VALUES (-8800, 'org.broadleafcommerce.common.config.domain.ModuleConfiguration', -89);
-- INSERT INTO BLC_ADMIN_PERMISSION_ENTITY (ADMIN_PERMISSION_ENTITY_ID, CEILING_ENTITY, ADMIN_PERMISSION_ID) VALUES (-8801, 'org.broadleafcommerce.common.config.domain.ModuleConfiguration', -90);
-- INSERT INTO BLC_ADMIN_PERMISSION_ENTITY (ADMIN_PERMISSION_ENTITY_ID, CEILING_ENTITY, ADMIN_PERMISSION_ID) VALUES (-8802, 'org.broadleafcommerce.common.config.domain.ModuleConfiguration', -91);
-- INSERT INTO BLC_ADMIN_PERMISSION_ENTITY (ADMIN_PERMISSION_ENTITY_ID, CEILING_ENTITY, ADMIN_PERMISSION_ID) VALUES (-8803, 'org.broadleafcommerce.common.config.domain.ModuleConfiguration', -92);
-- INSERT INTO BLC_ADMIN_PERMISSION_ENTITY (ADMIN_PERMISSION_ENTITY_ID, CEILING_ENTITY, ADMIN_PERMISSION_ID) VALUES (-8804, 'org.broadleafcommerce.common.config.domain.ModuleConfiguration', -93);



-- System Properties
INSERT INTO BLC_ADMIN_PERMISSION (ADMIN_PERMISSION_ID, DESCRIPTION, NAME, PERMISSION_TYPE) VALUES (-3000,'Create Module Configuration','PERMISSION_CREATE_SYSTEM_PROPERTY', 'CREATE');
INSERT INTO BLC_ADMIN_PERMISSION (ADMIN_PERMISSION_ID, DESCRIPTION, NAME, PERMISSION_TYPE) VALUES (-3001,'Update Module Configuration','PERMISSION_UPDATE_SYSTEM_PROPERTY', 'UPDATE');
INSERT INTO BLC_ADMIN_PERMISSION (ADMIN_PERMISSION_ID, DESCRIPTION, NAME, PERMISSION_TYPE) VALUES (-3002,'Delete Module Configuration','PERMISSION_DELETE_SYSTEM_PROPERTY', 'DELETE');
INSERT INTO BLC_ADMIN_PERMISSION (ADMIN_PERMISSION_ID, DESCRIPTION, NAME, PERMISSION_TYPE) VALUES (-3003,'Read Module Configuration','PERMISSION_READ_SYSTEM_PROPERTY', 'READ');
INSERT INTO BLC_ADMIN_PERMISSION (ADMIN_PERMISSION_ID, DESCRIPTION, NAME, PERMISSION_TYPE) VALUES (-3004,'All Module Configuration','PERMISSION_ALL_SYSTEM_PROPERTY', 'ALL');


INSERT INTO BLC_ADMIN_PERMISSION_ENTITY (ADMIN_PERMISSION_ENTITY_ID, CEILING_ENTITY, ADMIN_PERMISSION_ID) VALUES (-1960, 'org.broadleafcommerce.common.config.domain.SystemProperty', -3000);
INSERT INTO BLC_ADMIN_PERMISSION_ENTITY (ADMIN_PERMISSION_ENTITY_ID, CEILING_ENTITY, ADMIN_PERMISSION_ID) VALUES (-1961, 'org.broadleafcommerce.common.config.domain.SystemProperty', -3001);
INSERT INTO BLC_ADMIN_PERMISSION_ENTITY (ADMIN_PERMISSION_ENTITY_ID, CEILING_ENTITY, ADMIN_PERMISSION_ID) VALUES (-1962, 'org.broadleafcommerce.common.config.domain.SystemProperty', -3002);
INSERT INTO BLC_ADMIN_PERMISSION_ENTITY (ADMIN_PERMISSION_ENTITY_ID, CEILING_ENTITY, ADMIN_PERMISSION_ID) VALUES (-1963, 'org.broadleafcommerce.common.config.domain.SystemProperty', -3003);
INSERT INTO BLC_ADMIN_PERMISSION_ENTITY (ADMIN_PERMISSION_ENTITY_ID, CEILING_ENTITY, ADMIN_PERMISSION_ID) VALUES (-1964, 'org.broadleafcommerce.common.config.domain.SystemProperty', -3004);


INSERT INTO BLC_ADMIN_SEC_PERM_XREF (ADMIN_SECTION_ID, ADMIN_PERMISSION_ID) VALUES (-15,-3000);
INSERT INTO BLC_ADMIN_SEC_PERM_XREF (ADMIN_SECTION_ID, ADMIN_PERMISSION_ID) VALUES (-15,-3001);
INSERT INTO BLC_ADMIN_SEC_PERM_XREF (ADMIN_SECTION_ID, ADMIN_PERMISSION_ID) VALUES (-15,-3002);
INSERT INTO BLC_ADMIN_SEC_PERM_XREF (ADMIN_SECTION_ID, ADMIN_PERMISSION_ID) VALUES (-15,-3003);
INSERT INTO BLC_ADMIN_SEC_PERM_XREF (ADMIN_SECTION_ID, ADMIN_PERMISSION_ID) VALUES (-15,-3004);



-- INSERT INTO BLC_ADMIN_ROLE_PERMISSION_XREF (ADMIN_ROLE_ID, ADMIN_PERMISSION_ID) VALUES (-1,-89);
-- INSERT INTO BLC_ADMIN_ROLE_PERMISSION_XREF (ADMIN_ROLE_ID, ADMIN_PERMISSION_ID) VALUES (-1,-90);
-- INSERT INTO BLC_ADMIN_ROLE_PERMISSION_XREF (ADMIN_ROLE_ID, ADMIN_PERMISSION_ID) VALUES (-1,-91);
-- INSERT INTO BLC_ADMIN_ROLE_PERMISSION_XREF (ADMIN_ROLE_ID, ADMIN_PERMISSION_ID) VALUES (-1,-92);
-- INSERT INTO BLC_ADMIN_ROLE_PERMISSION_XREF (ADMIN_ROLE_ID, ADMIN_PERMISSION_ID) VALUES (-1,-93);


-- INSERT INTO BLC_ADMIN_SEC_PERM_XREF (ADMIN_SECTION_ID, ADMIN_PERMISSION_ID) VALUES (-13,-89);
-- INSERT INTO BLC_ADMIN_SEC_PERM_XREF (ADMIN_SECTION_ID, ADMIN_PERMISSION_ID) VALUES (-13,-90);
-- INSERT INTO BLC_ADMIN_SEC_PERM_XREF (ADMIN_SECTION_ID, ADMIN_PERMISSION_ID) VALUES (-13,-91);
-- INSERT INTO BLC_ADMIN_SEC_PERM_XREF (ADMIN_SECTION_ID, ADMIN_PERMISSION_ID) VALUES (-13,-126);
-- INSERT INTO BLC_ADMIN_SEC_PERM_XREF (ADMIN_SECTION_ID, ADMIN_PERMISSION_ID) VALUES (-13,-127);

-- INSERT INTO BLC_ADMIN_ROLE_PERMISSION_XREF (ADMIN_ROLE_ID, ADMIN_PERMISSION_ID) VALUES (-1,-126);
-- INSERT INTO BLC_ADMIN_ROLE_PERMISSION_XREF (ADMIN_ROLE_ID, ADMIN_PERMISSION_ID) VALUES (-1,-127);



INSERT INTO BLC_ADMIN_ROLE_PERMISSION_XREF (ADMIN_ROLE_ID, ADMIN_PERMISSION_ID) VALUES (-1,-3000);
INSERT INTO BLC_ADMIN_ROLE_PERMISSION_XREF (ADMIN_ROLE_ID, ADMIN_PERMISSION_ID) VALUES (-1,-3001);
INSERT INTO BLC_ADMIN_ROLE_PERMISSION_XREF (ADMIN_ROLE_ID, ADMIN_PERMISSION_ID) VALUES (-1,-3002);
INSERT INTO BLC_ADMIN_ROLE_PERMISSION_XREF (ADMIN_ROLE_ID, ADMIN_PERMISSION_ID) VALUES (-1,-3003);
INSERT INTO BLC_ADMIN_ROLE_PERMISSION_XREF (ADMIN_ROLE_ID, ADMIN_PERMISSION_ID) VALUES (-1,-3004);


-- 5、搜索
-- 搜索模块
-- search redirect
INSERT INTO BLC_ADMIN_MODULE (ADMIN_MODULE_ID, NAME, MODULE_KEY, ICON, DISPLAY_ORDER) VALUES (-11,'Search','Search','blc-icon-search',570);
INSERT INTO BLC_ADMIN_SECTION (ADMIN_SECTION_ID, DISPLAY_ORDER, ADMIN_MODULE_ID, NAME, SECTION_KEY, URL, CEILING_ENTITY) VALUES (-2000, 1, -11, 'Search Redirect', 'SearchRedirect', '/search-redirect', 'org.broadleafcommerce.core.search.redirect.domain.SearchRedirect');


INSERT INTO BLC_ADMIN_PERMISSION (ADMIN_PERMISSION_ID, DESCRIPTION, NAME, PERMISSION_TYPE) VALUES (-30000,'Create Search Redirect','PERMISSION_CREATE_SEARCH_REDIRECT', 'CREATE');
INSERT INTO BLC_ADMIN_PERMISSION (ADMIN_PERMISSION_ID, DESCRIPTION, NAME, PERMISSION_TYPE) VALUES (-30001,'Update Search Redirect','PERMISSION_UPDATE_SEARCH_REDIRECT', 'UPDATE');
INSERT INTO BLC_ADMIN_PERMISSION (ADMIN_PERMISSION_ID, DESCRIPTION, NAME, PERMISSION_TYPE) VALUES (-30002,'Delete Search Redirect','PERMISSION_DELETE_SEARCH_REDIRECT', 'DELETE');
INSERT INTO BLC_ADMIN_PERMISSION (ADMIN_PERMISSION_ID, DESCRIPTION, NAME, PERMISSION_TYPE) VALUES (-30003,'Read Search Redirect','PERMISSION_READ_SEARCH_REDIRECT', 'READ');
INSERT INTO BLC_ADMIN_PERMISSION (ADMIN_PERMISSION_ID, DESCRIPTION, NAME, PERMISSION_TYPE) VALUES (-30004,'All Search Redirect','PERMISSION_ALL_SEARCH_REDIRECT', 'ALL');


INSERT INTO BLC_ADMIN_PERMISSION_ENTITY (ADMIN_PERMISSION_ENTITY_ID, CEILING_ENTITY, ADMIN_PERMISSION_ID) VALUES (-90000, 'org.broadleafcommerce.core.search.redirect.domain.SearchRedirect', -30000);
INSERT INTO BLC_ADMIN_PERMISSION_ENTITY (ADMIN_PERMISSION_ENTITY_ID, CEILING_ENTITY, ADMIN_PERMISSION_ID) VALUES (-90001, 'org.broadleafcommerce.core.search.redirect.domain.SearchRedirect', -30001);
INSERT INTO BLC_ADMIN_PERMISSION_ENTITY (ADMIN_PERMISSION_ENTITY_ID, CEILING_ENTITY, ADMIN_PERMISSION_ID) VALUES (-90002, 'org.broadleafcommerce.core.search.redirect.domain.SearchRedirect', -30002);
INSERT INTO BLC_ADMIN_PERMISSION_ENTITY (ADMIN_PERMISSION_ENTITY_ID, CEILING_ENTITY, ADMIN_PERMISSION_ID) VALUES (-90003, 'org.broadleafcommerce.core.search.redirect.domain.SearchRedirect', -30003);
INSERT INTO BLC_ADMIN_PERMISSION_ENTITY (ADMIN_PERMISSION_ENTITY_ID, CEILING_ENTITY, ADMIN_PERMISSION_ID) VALUES (-90004, 'org.broadleafcommerce.core.search.redirect.domain.SearchRedirect', -30004);




INSERT INTO BLC_ADMIN_SEC_PERM_XREF (ADMIN_SECTION_ID, ADMIN_PERMISSION_ID) VALUES (-2000,-30000);
INSERT INTO BLC_ADMIN_SEC_PERM_XREF (ADMIN_SECTION_ID, ADMIN_PERMISSION_ID) VALUES (-2000,-30001);
INSERT INTO BLC_ADMIN_SEC_PERM_XREF (ADMIN_SECTION_ID, ADMIN_PERMISSION_ID) VALUES (-2000,-30002);
INSERT INTO BLC_ADMIN_SEC_PERM_XREF (ADMIN_SECTION_ID, ADMIN_PERMISSION_ID) VALUES (-2000,-30003);
INSERT INTO BLC_ADMIN_SEC_PERM_XREF (ADMIN_SECTION_ID, ADMIN_PERMISSION_ID) VALUES (-2000,-30004);



INSERT INTO BLC_ADMIN_ROLE_PERMISSION_XREF (ADMIN_ROLE_ID, ADMIN_PERMISSION_ID) VALUES (-1,-30000);
INSERT INTO BLC_ADMIN_ROLE_PERMISSION_XREF (ADMIN_ROLE_ID, ADMIN_PERMISSION_ID) VALUES (-1,-30001);
INSERT INTO BLC_ADMIN_ROLE_PERMISSION_XREF (ADMIN_ROLE_ID, ADMIN_PERMISSION_ID) VALUES (-1,-30002);
INSERT INTO BLC_ADMIN_ROLE_PERMISSION_XREF (ADMIN_ROLE_ID, ADMIN_PERMISSION_ID) VALUES (-1,-30003);
INSERT INTO BLC_ADMIN_ROLE_PERMISSION_XREF (ADMIN_ROLE_ID, ADMIN_PERMISSION_ID) VALUES (-1,-30004);


--search facet

INSERT INTO BLC_ADMIN_SECTION (ADMIN_SECTION_ID, DISPLAY_ORDER, ADMIN_MODULE_ID, NAME, SECTION_KEY, URL, CEILING_ENTITY) VALUES (-2001, 3, -11, '搜索条件', 'SearchFacet', '/search-facet', 'org.broadleafcommerce.core.search.domain.SearchFacet');

INSERT INTO BLC_ADMIN_PERMISSION (ADMIN_PERMISSION_ID, DESCRIPTION, NAME, PERMISSION_TYPE) VALUES (-30005,'Create Search Facet','PERMISSION_CREATE_SEARCH_FACET', 'CREATE');
INSERT INTO BLC_ADMIN_PERMISSION (ADMIN_PERMISSION_ID, DESCRIPTION, NAME, PERMISSION_TYPE) VALUES (-30006,'Update Search Facet','PERMISSION_UPDATE_SEARCH_FACET', 'UPDATE');
INSERT INTO BLC_ADMIN_PERMISSION (ADMIN_PERMISSION_ID, DESCRIPTION, NAME, PERMISSION_TYPE) VALUES (-30007,'Delete Search Facet','PERMISSION_DELETE_SEARCH_FACET', 'DELETE');
INSERT INTO BLC_ADMIN_PERMISSION (ADMIN_PERMISSION_ID, DESCRIPTION, NAME, PERMISSION_TYPE) VALUES (-30008,'Read Search Facet','PERMISSION_READ_SEARCH_FACET', 'READ');
INSERT INTO BLC_ADMIN_PERMISSION (ADMIN_PERMISSION_ID, DESCRIPTION, NAME, PERMISSION_TYPE) VALUES (-30009,'All Search Facet','PERMISSION_ALL_SEARCH_FACET', 'ALL');

INSERT INTO BLC_ADMIN_PERMISSION_ENTITY (ADMIN_PERMISSION_ENTITY_ID, CEILING_ENTITY, ADMIN_PERMISSION_ID) VALUES (-90005, 'org.broadleafcommerce.core.search.domain.SearchFacet', -30005);
INSERT INTO BLC_ADMIN_PERMISSION_ENTITY (ADMIN_PERMISSION_ENTITY_ID, CEILING_ENTITY, ADMIN_PERMISSION_ID) VALUES (-90006, 'org.broadleafcommerce.core.search.domain.SearchFacet', -30006);
INSERT INTO BLC_ADMIN_PERMISSION_ENTITY (ADMIN_PERMISSION_ENTITY_ID, CEILING_ENTITY, ADMIN_PERMISSION_ID) VALUES (-90007, 'org.broadleafcommerce.core.search.domain.SearchFacet', -30007);
INSERT INTO BLC_ADMIN_PERMISSION_ENTITY (ADMIN_PERMISSION_ENTITY_ID, CEILING_ENTITY, ADMIN_PERMISSION_ID) VALUES (-90008, 'org.broadleafcommerce.core.search.domain.SearchFacet', -30008);
INSERT INTO BLC_ADMIN_PERMISSION_ENTITY (ADMIN_PERMISSION_ENTITY_ID, CEILING_ENTITY, ADMIN_PERMISSION_ID) VALUES (-90009, 'org.broadleafcommerce.core.search.domain.SearchFacet', -30009);


INSERT INTO BLC_ADMIN_SEC_PERM_XREF (ADMIN_SECTION_ID, ADMIN_PERMISSION_ID) VALUES (-2001,-30005);
INSERT INTO BLC_ADMIN_SEC_PERM_XREF (ADMIN_SECTION_ID, ADMIN_PERMISSION_ID) VALUES (-2001,-30006);
INSERT INTO BLC_ADMIN_SEC_PERM_XREF (ADMIN_SECTION_ID, ADMIN_PERMISSION_ID) VALUES (-2001,-30007);
INSERT INTO BLC_ADMIN_SEC_PERM_XREF (ADMIN_SECTION_ID, ADMIN_PERMISSION_ID) VALUES (-2001,-30008);
INSERT INTO BLC_ADMIN_SEC_PERM_XREF (ADMIN_SECTION_ID, ADMIN_PERMISSION_ID) VALUES (-2001,-30009);



INSERT INTO BLC_ADMIN_ROLE_PERMISSION_XREF (ADMIN_ROLE_ID, ADMIN_PERMISSION_ID) VALUES (-1,-30005);
INSERT INTO BLC_ADMIN_ROLE_PERMISSION_XREF (ADMIN_ROLE_ID, ADMIN_PERMISSION_ID) VALUES (-1,-30006);
INSERT INTO BLC_ADMIN_ROLE_PERMISSION_XREF (ADMIN_ROLE_ID, ADMIN_PERMISSION_ID) VALUES (-1,-30007);
INSERT INTO BLC_ADMIN_ROLE_PERMISSION_XREF (ADMIN_ROLE_ID, ADMIN_PERMISSION_ID) VALUES (-1,-30008);
INSERT INTO BLC_ADMIN_ROLE_PERMISSION_XREF (ADMIN_ROLE_ID, ADMIN_PERMISSION_ID) VALUES (-1,-30009);

-- index field

INSERT INTO BLC_ADMIN_SECTION (ADMIN_SECTION_ID, DISPLAY_ORDER, ADMIN_MODULE_ID, NAME, SECTION_KEY, URL, CEILING_ENTITY) VALUES (-2002, 2, -11, 'Search Index Field', 'Search Index Field', '/search-field', 'org.broadleafcommerce.core.search.domain.IndexField');


INSERT INTO BLC_ADMIN_PERMISSION (ADMIN_PERMISSION_ID, DESCRIPTION, NAME, PERMISSION_TYPE) VALUES (-30010,'Create Index Field','PERMISSION_CREATE_SEARCH_FACET', 'CREATE');
INSERT INTO BLC_ADMIN_PERMISSION (ADMIN_PERMISSION_ID, DESCRIPTION, NAME, PERMISSION_TYPE) VALUES (-30011,'Update Index Field','PERMISSION_UPDATE_SEARCH_FACET', 'UPDATE');
INSERT INTO BLC_ADMIN_PERMISSION (ADMIN_PERMISSION_ID, DESCRIPTION, NAME, PERMISSION_TYPE) VALUES (-30012,'Delete Index Field','PERMISSION_DELETE_SEARCH_FACET', 'DELETE');
INSERT INTO BLC_ADMIN_PERMISSION (ADMIN_PERMISSION_ID, DESCRIPTION, NAME, PERMISSION_TYPE) VALUES (-30013,'Read Index Field','PERMISSION_READ_SEARCH_FACET', 'READ');
INSERT INTO BLC_ADMIN_PERMISSION (ADMIN_PERMISSION_ID, DESCRIPTION, NAME, PERMISSION_TYPE) VALUES (-30014,'All Index Field','PERMISSION_ALL_SEARCH_FACET', 'ALL');


INSERT INTO BLC_ADMIN_PERMISSION_ENTITY (ADMIN_PERMISSION_ENTITY_ID, CEILING_ENTITY, ADMIN_PERMISSION_ID) VALUES (-90010, 'org.broadleafcommerce.core.search.domain.IndexField', -30010);
INSERT INTO BLC_ADMIN_PERMISSION_ENTITY (ADMIN_PERMISSION_ENTITY_ID, CEILING_ENTITY, ADMIN_PERMISSION_ID) VALUES (-90011, 'org.broadleafcommerce.core.search.domain.IndexField', -30011);
INSERT INTO BLC_ADMIN_PERMISSION_ENTITY (ADMIN_PERMISSION_ENTITY_ID, CEILING_ENTITY, ADMIN_PERMISSION_ID) VALUES (-90012, 'org.broadleafcommerce.core.search.domain.IndexField', -30012);
INSERT INTO BLC_ADMIN_PERMISSION_ENTITY (ADMIN_PERMISSION_ENTITY_ID, CEILING_ENTITY, ADMIN_PERMISSION_ID) VALUES (-90013, 'org.broadleafcommerce.core.search.domain.IndexField', -30013);
INSERT INTO BLC_ADMIN_PERMISSION_ENTITY (ADMIN_PERMISSION_ENTITY_ID, CEILING_ENTITY, ADMIN_PERMISSION_ID) VALUES (-90014, 'org.broadleafcommerce.core.search.domain.IndexField', -30014);




INSERT INTO BLC_ADMIN_SEC_PERM_XREF (ADMIN_SECTION_ID, ADMIN_PERMISSION_ID) VALUES (-2002,-30010);
INSERT INTO BLC_ADMIN_SEC_PERM_XREF (ADMIN_SECTION_ID, ADMIN_PERMISSION_ID) VALUES (-2002,-30011);
INSERT INTO BLC_ADMIN_SEC_PERM_XREF (ADMIN_SECTION_ID, ADMIN_PERMISSION_ID) VALUES (-2002,-30012);
INSERT INTO BLC_ADMIN_SEC_PERM_XREF (ADMIN_SECTION_ID, ADMIN_PERMISSION_ID) VALUES (-2002,-30013);
INSERT INTO BLC_ADMIN_SEC_PERM_XREF (ADMIN_SECTION_ID, ADMIN_PERMISSION_ID) VALUES (-2002,-30014);



INSERT INTO BLC_ADMIN_ROLE_PERMISSION_XREF (ADMIN_ROLE_ID, ADMIN_PERMISSION_ID) VALUES (-1,-30010);
INSERT INTO BLC_ADMIN_ROLE_PERMISSION_XREF (ADMIN_ROLE_ID, ADMIN_PERMISSION_ID) VALUES (-1,-30011);
INSERT INTO BLC_ADMIN_ROLE_PERMISSION_XREF (ADMIN_ROLE_ID, ADMIN_PERMISSION_ID) VALUES (-1,-30012);
INSERT INTO BLC_ADMIN_ROLE_PERMISSION_XREF (ADMIN_ROLE_ID, ADMIN_PERMISSION_ID) VALUES (-1,-30013);
INSERT INTO BLC_ADMIN_ROLE_PERMISSION_XREF (ADMIN_ROLE_ID, ADMIN_PERMISSION_ID) VALUES (-1,-30014);

-- product bundle

INSERT INTO BLC_ADMIN_SECTION (ADMIN_SECTION_ID, DISPLAY_ORDER, ADMIN_MODULE_ID, NAME, SECTION_KEY, URL, CEILING_ENTITY) VALUES (-100, 4000, -1, '组合套餐', 'ProductBundle', '/product:bundle', 'org.broadleafcommerce.core.catalog.domain.ProductBundle');


INSERT INTO BLC_ADMIN_PERMISSION (ADMIN_PERMISSION_ID, DESCRIPTION, NAME, PERMISSION_TYPE) VALUES (-40010,'Create Product Bundle','PERMISSION_CREATE_PRODUCT_BUNDLE', 'CREATE');
INSERT INTO BLC_ADMIN_PERMISSION (ADMIN_PERMISSION_ID, DESCRIPTION, NAME, PERMISSION_TYPE) VALUES (-40011,'Update Product Bundle','PERMISSION_UPDATE_PRODUCT_BUNDLE', 'UPDATE');
INSERT INTO BLC_ADMIN_PERMISSION (ADMIN_PERMISSION_ID, DESCRIPTION, NAME, PERMISSION_TYPE) VALUES (-40012,'Delete Product Bundle','PERMISSION_DELETE_PRODUCT_BUNDLE', 'DELETE');
INSERT INTO BLC_ADMIN_PERMISSION (ADMIN_PERMISSION_ID, DESCRIPTION, NAME, PERMISSION_TYPE) VALUES (-40013,'Read Product Bundle','PERMISSION_READ_PRODUCT_BUNDLE', 'READ');
INSERT INTO BLC_ADMIN_PERMISSION (ADMIN_PERMISSION_ID, DESCRIPTION, NAME, PERMISSION_TYPE) VALUES (-40014,'All Product Bundle','PERMISSION_ALL_PRODUCT_BUNDLE', 'ALL');


INSERT INTO BLC_ADMIN_PERMISSION_ENTITY (ADMIN_PERMISSION_ENTITY_ID, CEILING_ENTITY, ADMIN_PERMISSION_ID) VALUES (-90015, 'org.broadleafcommerce.core.catalog.domain.ProductBundle', -40010);
INSERT INTO BLC_ADMIN_PERMISSION_ENTITY (ADMIN_PERMISSION_ENTITY_ID, CEILING_ENTITY, ADMIN_PERMISSION_ID) VALUES (-90016, 'org.broadleafcommerce.core.catalog.domain.ProductBundle', -40011);
INSERT INTO BLC_ADMIN_PERMISSION_ENTITY (ADMIN_PERMISSION_ENTITY_ID, CEILING_ENTITY, ADMIN_PERMISSION_ID) VALUES (-90017, 'org.broadleafcommerce.core.catalog.domain.ProductBundle', -40012);
INSERT INTO BLC_ADMIN_PERMISSION_ENTITY (ADMIN_PERMISSION_ENTITY_ID, CEILING_ENTITY, ADMIN_PERMISSION_ID) VALUES (-90018, 'org.broadleafcommerce.core.catalog.domain.ProductBundle', -40013);
INSERT INTO BLC_ADMIN_PERMISSION_ENTITY (ADMIN_PERMISSION_ENTITY_ID, CEILING_ENTITY, ADMIN_PERMISSION_ID) VALUES (-90019, 'org.broadleafcommerce.core.catalog.domain.ProductBundle', -40014);




INSERT INTO BLC_ADMIN_SEC_PERM_XREF (ADMIN_SECTION_ID, ADMIN_PERMISSION_ID) VALUES (-100,-40010);
INSERT INTO BLC_ADMIN_SEC_PERM_XREF (ADMIN_SECTION_ID, ADMIN_PERMISSION_ID) VALUES (-100,-40011);
INSERT INTO BLC_ADMIN_SEC_PERM_XREF (ADMIN_SECTION_ID, ADMIN_PERMISSION_ID) VALUES (-100,-40012);
INSERT INTO BLC_ADMIN_SEC_PERM_XREF (ADMIN_SECTION_ID, ADMIN_PERMISSION_ID) VALUES (-100,-40013);
INSERT INTO BLC_ADMIN_SEC_PERM_XREF (ADMIN_SECTION_ID, ADMIN_PERMISSION_ID) VALUES (-100,-40014);



INSERT INTO BLC_ADMIN_ROLE_PERMISSION_XREF (ADMIN_ROLE_ID, ADMIN_PERMISSION_ID) VALUES (-1,-40010);
INSERT INTO BLC_ADMIN_ROLE_PERMISSION_XREF (ADMIN_ROLE_ID, ADMIN_PERMISSION_ID) VALUES (-1,-40011);
INSERT INTO BLC_ADMIN_ROLE_PERMISSION_XREF (ADMIN_ROLE_ID, ADMIN_PERMISSION_ID) VALUES (-1,-40012);
INSERT INTO BLC_ADMIN_ROLE_PERMISSION_XREF (ADMIN_ROLE_ID, ADMIN_PERMISSION_ID) VALUES (-1,-40013);
INSERT INTO BLC_ADMIN_ROLE_PERMISSION_XREF (ADMIN_ROLE_ID, ADMIN_PERMISSION_ID) VALUES (-1,-40014);

-- 商品评论管理
INSERT INTO BLC_ADMIN_SECTION (ADMIN_SECTION_ID, DISPLAY_ORDER, ADMIN_MODULE_ID, NAME, SECTION_KEY, URL, CEILING_ENTITY) VALUES (-3000, 4999, -1, '商品评论', 'review', '/review', 'org.broadleafcommerce.core.rating.domain.ReviewDetail');

INSERT INTO BLC_ADMIN_PERMISSION (ADMIN_PERMISSION_ID, DESCRIPTION, NAME, PERMISSION_TYPE) VALUES (-50006,'商品评论管理','PERMISSION_REVIEW', 'ALL');

INSERT INTO BLC_ADMIN_PERMISSION_ENTITY (ADMIN_PERMISSION_ENTITY_ID, CEILING_ENTITY, ADMIN_PERMISSION_ID) VALUES (-80007, 'org.broadleafcommerce.core.rating.domain.ReviewDetail', -50006);


INSERT INTO BLC_ADMIN_SEC_PERM_XREF (ADMIN_SECTION_ID, ADMIN_PERMISSION_ID) VALUES (-3000,-50006);

INSERT INTO BLC_ADMIN_ROLE_PERMISSION_XREF (ADMIN_ROLE_ID, ADMIN_PERMISSION_ID) VALUES (-1,-50006);

-- 主要在表blc_locale（语言）及BLC_CURRENCY（货币）插入记录，设置该记录为默认值
INSERT INTO `BLC_CURRENCY`(`CURRENCY_CODE`, `DEFAULT_FLAG`, `FRIENDLY_NAME`) VALUES ('CNY', b'1', 'China Yuan');
INSERT INTO `BLC_LOCALE`(`LOCALE_CODE`, `DEFAULT_FLAG`, `FRIENDLY_NAME`, `USE_IN_SEARCH_INDEX`, `CURRENCY_CODE`) VALUES ('zh_CN', b'1', '简体中文', NULL, 'CNY');
UPDATE BLC_LOCALE SET DEFAULT_FLAG = 0 WHERE LOCALE_CODE = 'en_US';
UPDATE BLC_CURRENCY SET DEFAULT_FLAG = 0 WHERE CURRENCY_CODE = 'USD';

-- 分类导航
INSERT INTO `BLC_CMS_MENU`(`MENU_ID`, `NAME`) VALUES (1000, 'Category Nav');
INSERT INTO `BLC_CMS_MENU`(`MENU_ID`, `NAME`) VALUES (1001, 'MHomeMenu');

-- 汉化菜单
UPDATE BLC_ADMIN_SECTION SET NAME = '商品分类' WHERE ADMIN_SECTION_ID=-1;
UPDATE BLC_ADMIN_SECTION SET NAME = '所有商品' WHERE ADMIN_SECTION_ID=-2;
UPDATE BLC_ADMIN_SECTION SET NAME = '商品属性' WHERE ADMIN_SECTION_ID=-3;
UPDATE BLC_ADMIN_SECTION SET NAME = '促销' WHERE ADMIN_SECTION_ID=-4;
UPDATE BLC_ADMIN_SECTION SET NAME = '页面' WHERE ADMIN_SECTION_ID=-5;
UPDATE BLC_ADMIN_SECTION SET NAME = '静态资源' WHERE ADMIN_SECTION_ID=-6;
UPDATE BLC_ADMIN_SECTION SET NAME = '链接跳转' WHERE ADMIN_SECTION_ID=-8;
UPDATE BLC_ADMIN_SECTION SET NAME = '客户' WHERE ADMIN_SECTION_ID=-10;
UPDATE BLC_ADMIN_SECTION SET NAME = '用户' WHERE ADMIN_SECTION_ID=-11;
UPDATE BLC_ADMIN_SECTION SET NAME = '角色' WHERE ADMIN_SECTION_ID=-12;
UPDATE BLC_ADMIN_SECTION SET NAME = '配置管理' WHERE ADMIN_SECTION_ID=-13;
UPDATE BLC_ADMIN_SECTION SET NAME = '系统属性' WHERE ADMIN_SECTION_ID=-15;
UPDATE BLC_ADMIN_SECTION SET NAME = '权限管理' WHERE ADMIN_SECTION_ID=-17;
UPDATE BLC_ADMIN_SECTION SET NAME = '订单' WHERE ADMIN_SECTION_ID=-18;
UPDATE BLC_ADMIN_SECTION SET NAME = '普通商品',SECTION_KEY='BaseProduct' WHERE ADMIN_SECTION_ID=-99;
UPDATE BLC_ADMIN_SECTION SET NAME = '组合套餐' WHERE ADMIN_SECTION_ID=-100;
UPDATE BLC_ADMIN_SECTION SET NAME = '搜索跳转',DISPLAY_ORDER=-100 WHERE ADMIN_SECTION_ID=-2000;
UPDATE BLC_ADMIN_SECTION SET NAME = '索引字段' WHERE ADMIN_SECTION_ID=-2002;
-- UPDATE BLC_ADMIN_SECTION SET NAME = '自定义字段管理' WHERE ADMIN_SECTION_ID=-18900;
UPDATE BLC_ADMIN_SECTION SET NAME = '菜单' WHERE ADMIN_SECTION_ID=-27000;
UPDATE BLC_ADMIN_SECTION SET NAME = '结构化内容' WHERE ADMIN_SECTION_ID=-18000000;
-- UPDATE BLC_ADMIN_SECTION SET NAME = '商品分类' WHERE ADMIN_SECTION_ID=-1;
-- UPDATE BLC_ADMIN_SECTION SET NAME = '商品分类' WHERE ADMIN_SECTION_ID=-1;

UPDATE BLC_ADMIN_MODULE SET NAME = '搜索' WHERE ADMIN_MODULE_ID=-11;
UPDATE BLC_ADMIN_MODULE SET NAME = '订单' WHERE ADMIN_MODULE_ID=-10;
UPDATE BLC_ADMIN_MODULE SET NAME = '库存' WHERE ADMIN_MODULE_ID=-9;
UPDATE BLC_ADMIN_MODULE SET NAME = '营销' WHERE ADMIN_MODULE_ID=-8;
UPDATE BLC_ADMIN_MODULE SET NAME = '站点更新' WHERE ADMIN_MODULE_ID=-7;
UPDATE BLC_ADMIN_MODULE SET NAME = '设计' WHERE ADMIN_MODULE_ID=-6;
UPDATE BLC_ADMIN_MODULE SET NAME = '设置' WHERE ADMIN_MODULE_ID=-5;
UPDATE BLC_ADMIN_MODULE SET NAME = '安全' WHERE ADMIN_MODULE_ID=-4;
UPDATE BLC_ADMIN_MODULE SET NAME = '客户关怀' WHERE ADMIN_MODULE_ID=-3;
UPDATE BLC_ADMIN_MODULE SET NAME = '内容' WHERE ADMIN_MODULE_ID=-2;
UPDATE BLC_ADMIN_MODULE SET NAME = '商品目录' WHERE ADMIN_MODULE_ID=-1;


-- 沙箱
-- INSERT INTO BLC_ADMIN_MODULE (ADMIN_MODULE_ID, NAME, MODULE_KEY, ICON, DISPLAY_ORDER) VALUES (-12,'物流','物流','fa  fa-truck',565);

-- INSERT INTO BLC_ADMIN_SECTION (ADMIN_SECTION_ID, DISPLAY_ORDER, ADMIN_MODULE_ID, NAME, SECTION_KEY, URL, CEILING_ENTITY) VALUES (-400, 1999, -5, '沙箱', 'Sandboxes', '/sandbox', 'org.broadleafcommerce.common.sandbox.domain.SandBox');

-- INSERT INTO BLC_ADMIN_PERMISSION (ADMIN_PERMISSION_ID, DESCRIPTION, NAME, PERMISSION_TYPE) VALUES (-50001,'沙箱管理','PERMISSION_SANDBOX', 'ALL');

-- INSERT INTO BLC_ADMIN_PERMISSION_ENTITY (ADMIN_PERMISSION_ENTITY_ID, CEILING_ENTITY, ADMIN_PERMISSION_ID) VALUES (-80004, 'org.broadleafcommerce.common.sandbox.domain.SandBox', -50001);


-- INSERT INTO BLC_ADMIN_SEC_PERM_XREF (ADMIN_SECTION_ID, ADMIN_PERMISSION_ID) VALUES (-400,-50001);

-- INSERT INTO BLC_ADMIN_ROLE_PERMISSION_XREF (ADMIN_ROLE_ID, ADMIN_PERMISSION_ID) VALUES (-1,-50001);



-- 门店
-- INSERT INTO BLC_ADMIN_MODULE (ADMIN_MODULE_ID, NAME, MODULE_KEY, ICON, DISPLAY_ORDER) VALUES (-12,'物流','物流','fa  fa-truck',565);

INSERT INTO BLC_ADMIN_SECTION (ADMIN_SECTION_ID, DISPLAY_ORDER, ADMIN_MODULE_ID, NAME, SECTION_KEY, URL, CEILING_ENTITY) VALUES (-402, 30001, -5, '门店', 'store', '/store', 'cn.com.kelaikewang.core.store.domain.ZaoJiCMSStore');

INSERT INTO BLC_ADMIN_PERMISSION (ADMIN_PERMISSION_ID, DESCRIPTION, NAME, PERMISSION_TYPE) VALUES (-50003,'门店管理','PERMISSION_STORE', 'ALL');

INSERT INTO BLC_ADMIN_PERMISSION_ENTITY (ADMIN_PERMISSION_ENTITY_ID, CEILING_ENTITY, ADMIN_PERMISSION_ID) VALUES (-80006, 'cn.com.kelaikewang.core.store.domain.ZaoJiCMSStore', -50003);


INSERT INTO BLC_ADMIN_SEC_PERM_XREF (ADMIN_SECTION_ID, ADMIN_PERMISSION_ID) VALUES (-402,-50003);

INSERT INTO BLC_ADMIN_ROLE_PERMISSION_XREF (ADMIN_ROLE_ID, ADMIN_PERMISSION_ID) VALUES (-1,-50003);


-- 控制面板模块
INSERT INTO BLC_ADMIN_MODULE(ADMIN_MODULE_ID,DISPLAY_ORDER,ICON,MODULE_KEY,NAME) VALUES (-100,1,'fas fa-tachometer-alt','控制面板','控制面板');
INSERT INTO BLC_ADMIN_SECTION (ADMIN_SECTION_ID, DISPLAY_ORDER, ADMIN_MODULE_ID, NAME, SECTION_KEY, URL, CEILING_ENTITY) VALUES (-5000, -1, -100, '控制面板', 'dashboard', '/dashboard', null);
INSERT INTO BLC_ADMIN_PERMISSION (ADMIN_PERMISSION_ID, DESCRIPTION, NAME, PERMISSION_TYPE) VALUES (-50004,'查看控制面板','PERMISSION_DASHBOARD', 'ALL');
INSERT INTO BLC_ADMIN_SEC_PERM_XREF (ADMIN_SECTION_ID, ADMIN_PERMISSION_ID) VALUES (-5000,-50004);

INSERT INTO BLC_ADMIN_ROLE_PERMISSION_XREF (ADMIN_ROLE_ID, ADMIN_PERMISSION_ID) VALUES (-1,-50004);

-- 重建索引
INSERT INTO BLC_ADMIN_SECTION (ADMIN_SECTION_ID, DISPLAY_ORDER, ADMIN_MODULE_ID, NAME, SECTION_KEY, URL, CEILING_ENTITY) VALUES (-30, 30002, -5, '索引', 'solrIndexer', '/searchIndex/rebuildIndex', null);
INSERT INTO BLC_ADMIN_PERMISSION (ADMIN_PERMISSION_ID, DESCRIPTION, NAME, PERMISSION_TYPE) VALUES (-50005,'重建索引','PERMISSION_REBUILD_INDEX', 'ALL');
INSERT INTO BLC_ADMIN_SEC_PERM_XREF (ADMIN_SECTION_ID, ADMIN_PERMISSION_ID) VALUES (-30,-50005);

INSERT INTO BLC_ADMIN_ROLE_PERMISSION_XREF (ADMIN_ROLE_ID, ADMIN_PERMISSION_ID) VALUES (-1,-50005);

-- 分类筛选Search Facet
INSERT INTO BLC_ADMIN_SECTION (ADMIN_SECTION_ID, DISPLAY_ORDER, ADMIN_MODULE_ID, NAME, SECTION_KEY, URL, CEILING_ENTITY) VALUES (-6000, 100, -11, '分类筛选', 'categorySearchFacet', '/categorySearchFacet', 'org.broadleafcommerce.core.search.domain.CategorySearchFacet');
INSERT INTO BLC_ADMIN_PERMISSION (ADMIN_PERMISSION_ID, DESCRIPTION, NAME, PERMISSION_TYPE) VALUES (-60000,'分类筛选维护','PERMISSION_CATEGORY_FACET', 'ALL');
INSERT INTO BLC_ADMIN_SEC_PERM_XREF (ADMIN_SECTION_ID, ADMIN_PERMISSION_ID) VALUES (-6000,-60000);
INSERT INTO BLC_ADMIN_PERMISSION_ENTITY (ADMIN_PERMISSION_ENTITY_ID, CEILING_ENTITY, ADMIN_PERMISSION_ID) VALUES (-95000, 'org.broadleafcommerce.core.search.domain.CategorySearchFacet', -60000);

INSERT INTO BLC_ADMIN_ROLE_PERMISSION_XREF (ADMIN_ROLE_ID, ADMIN_PERMISSION_ID) VALUES (-1,-60000);

-- 字段
INSERT INTO BLC_ADMIN_SECTION (ADMIN_SECTION_ID, DISPLAY_ORDER, ADMIN_MODULE_ID, NAME, SECTION_KEY, URL, CEILING_ENTITY) VALUES (-6001, 1, -11, '字段', 'field', '/field', 'org.broadleafcommerce.core.search.domain.Field');
INSERT INTO BLC_ADMIN_PERMISSION (ADMIN_PERMISSION_ID, DESCRIPTION, NAME, PERMISSION_TYPE) VALUES (-60001,'字段维护','PERMISSION_FIELD', 'ALL');
INSERT INTO BLC_ADMIN_SEC_PERM_XREF (ADMIN_SECTION_ID, ADMIN_PERMISSION_ID) VALUES (-6001,-60001);
INSERT INTO BLC_ADMIN_PERMISSION_ENTITY (ADMIN_PERMISSION_ENTITY_ID, CEILING_ENTITY, ADMIN_PERMISSION_ID) VALUES (-95001, 'org.broadleafcommerce.core.search.domain.Field', -60001);

INSERT INTO BLC_ADMIN_ROLE_PERMISSION_XREF (ADMIN_ROLE_ID, ADMIN_PERMISSION_ID) VALUES (-1,-60001);

-- 更新导航图标
UPDATE BLC_ADMIN_MODULE SET ICON = 'fas fa-file-invoice-dollar' WHERE ADMIN_MODULE_ID = -8;

-- 商品颜色图片更新权限
INSERT INTO BLC_ADMIN_PERMISSION_ENTITY (ADMIN_PERMISSION_ENTITY_ID, CEILING_ENTITY, ADMIN_PERMISSION_ID) VALUES (-90020, 'ProductColorOptionValueMedia', -103);