INSERT INTO BLC_ADMIN_MODULE (ADMIN_MODULE_ID, NAME, MODULE_KEY, ICON, DISPLAY_ORDER) VALUES (-12,'物流','物流','fa  fa-truck',565);

INSERT INTO BLC_ADMIN_SECTION (ADMIN_SECTION_ID, DISPLAY_ORDER, ADMIN_MODULE_ID, NAME, SECTION_KEY, URL, CEILING_ENTITY) VALUES (-300, -19, -12, '运费模板', 'ShippingTemplate', '/shipping-template', 'cn.com.kelaikewang.core.logistics.domain.ShippingTemplate');

INSERT INTO BLC_ADMIN_PERMISSION (ADMIN_PERMISSION_ID, DESCRIPTION, NAME, PERMISSION_TYPE) VALUES (-50000,'维护运费模板','PERMISSION_LOGISTICS', 'ALL');

INSERT INTO BLC_ADMIN_PERMISSION_ENTITY (ADMIN_PERMISSION_ENTITY_ID, CEILING_ENTITY, ADMIN_PERMISSION_ID) VALUES (-80000, 'cn.com.kelaikewang.core.logistics.domain.ShippingTemplate', -50000);
INSERT INTO BLC_ADMIN_PERMISSION_ENTITY (ADMIN_PERMISSION_ENTITY_ID, CEILING_ENTITY, ADMIN_PERMISSION_ID) VALUES (-80001, 'cn.com.kelaikewang.core.logistics.domain.ShippingMethod', -50000);
INSERT INTO BLC_ADMIN_PERMISSION_ENTITY (ADMIN_PERMISSION_ENTITY_ID, CEILING_ENTITY, ADMIN_PERMISSION_ID) VALUES (-80002, 'cn.com.kelaikewang.core.logistics.domain.ShippingPricingRule', -50000);
INSERT INTO BLC_ADMIN_PERMISSION_ENTITY (ADMIN_PERMISSION_ENTITY_ID, CEILING_ENTITY, ADMIN_PERMISSION_ID) VALUES (-80003, 'cn.com.kelaikewang.core.logistics.domain.ShippingPricingRuleItem', -50000);

INSERT INTO BLC_ADMIN_SEC_PERM_XREF (ADMIN_SECTION_ID, ADMIN_PERMISSION_ID) VALUES (-300,-50000);

INSERT INTO BLC_ADMIN_ROLE_PERMISSION_XREF (ADMIN_ROLE_ID, ADMIN_PERMISSION_ID) VALUES (-1,-50000);


INSERT INTO ZJCMS_SHIPPING_METHOD(SHIPPING_METHOD_ID,NAME) VALUES (1,'快递');
INSERT INTO ZJCMS_SHIPPING_METHOD(SHIPPING_METHOD_ID,NAME) VALUES (2,'EMS');
INSERT INTO ZJCMS_SHIPPING_METHOD(SHIPPING_METHOD_ID,NAME) VALUES (3,'平邮');

-- 快递公司
INSERT INTO BLC_ADMIN_SECTION (ADMIN_SECTION_ID, DISPLAY_ORDER, ADMIN_MODULE_ID, NAME, SECTION_KEY, URL, CEILING_ENTITY) VALUES (-301, -18, -12, '快递公司', 'ExpressCompany', '/express-company', 'cn.com.kelaikewang.core.logistics.domain.ExpressCompany');

INSERT INTO BLC_ADMIN_PERMISSION (ADMIN_PERMISSION_ID, DESCRIPTION, NAME, PERMISSION_TYPE) VALUES (-50001,'维护快递公司','PERMISSION_EXPRESS_COMPANY', 'ALL');

INSERT INTO BLC_ADMIN_PERMISSION_ENTITY (ADMIN_PERMISSION_ENTITY_ID, CEILING_ENTITY, ADMIN_PERMISSION_ID) VALUES (-80004, 'cn.com.kelaikewang.core.logistics.domain.ExpressCompany', -50001);

INSERT INTO BLC_ADMIN_SEC_PERM_XREF (ADMIN_SECTION_ID, ADMIN_PERMISSION_ID) VALUES (-301,-50001);

INSERT INTO BLC_ADMIN_ROLE_PERMISSION_XREF (ADMIN_ROLE_ID, ADMIN_PERMISSION_ID) VALUES (-1,-50001);