INSERT INTO BLC_SC_TYPE (SC_TYPE_ID, NAME, DESCRIPTION, SC_FLD_TMPLT_ID) VALUES (5, '自定义PC端首页', NULL, -2);
INSERT INTO BLC_SC_TYPE (SC_TYPE_ID, NAME, DESCRIPTION, SC_FLD_TMPLT_ID) VALUES (6, '自定义M端首页', NULL, -2);
INSERT INTO BLC_SC_TYPE (SC_TYPE_ID, NAME, DESCRIPTION, SC_FLD_TMPLT_ID) VALUES (7, '自定义全局服务保障', NULL, -2);
INSERT INTO BLC_SC_TYPE (SC_TYPE_ID, NAME, DESCRIPTION, SC_FLD_TMPLT_ID) VALUES (8, '自定义全局常见问题', NULL, -2);

-- pc端首页
-- Content Item
INSERT INTO BLC_SC (SC_ID, CONTENT_NAME, OFFLINE_FLAG, PRIORITY, LOCALE_CODE, SC_TYPE_ID) VALUES (200, 'PC端首页', FALSE, 5, 'zh_CN', 5);

-- Fields
INSERT INTO BLC_SC_FLD (SC_FLD_ID, FLD_KEY, VALUE) VALUES (-100, 'htmlContent', '');

-- Field XREF
INSERT INTO BLC_SC_FLD_MAP (BLC_SC_SC_FIELD_ID, SC_ID, SC_FLD_ID, MAP_KEY) VALUES (-200, 200, -100, 'htmlContent');

-- m端首页
-- Content Item
INSERT INTO BLC_SC (SC_ID, CONTENT_NAME, OFFLINE_FLAG, PRIORITY, LOCALE_CODE, SC_TYPE_ID) VALUES (300, 'M端首页', FALSE, 5, 'zh_CN', 6);

-- Fields
INSERT INTO BLC_SC_FLD (SC_FLD_ID, FLD_KEY, VALUE) VALUES (-200, 'htmlContent', '');

-- Field XREF
INSERT INTO BLC_SC_FLD_MAP (BLC_SC_SC_FIELD_ID, SC_ID, SC_FLD_ID, MAP_KEY) VALUES (-300, 300, -200, 'htmlContent');


-- 自定义全局服务保障
-- Content Item
INSERT INTO BLC_SC (SC_ID, CONTENT_NAME, OFFLINE_FLAG, PRIORITY, LOCALE_CODE, SC_TYPE_ID) VALUES (400, '服务保障', FALSE, 5, 'zh_CN', 7);

-- Fields
INSERT INTO BLC_SC_FLD (SC_FLD_ID, FLD_KEY, VALUE) VALUES (-300, 'htmlContent', '');

-- Field XREF
INSERT INTO BLC_SC_FLD_MAP (BLC_SC_SC_FIELD_ID, SC_ID, SC_FLD_ID, MAP_KEY) VALUES (-400, 400, -300, 'htmlContent');


-- 自定义全局常见问题
-- Content Item
INSERT INTO BLC_SC (SC_ID, CONTENT_NAME, OFFLINE_FLAG, PRIORITY, LOCALE_CODE, SC_TYPE_ID) VALUES (500, '常见问题', FALSE, 5, 'zh_CN', 8);

-- Fields
INSERT INTO BLC_SC_FLD (SC_FLD_ID, FLD_KEY, VALUE) VALUES (-400, 'htmlContent', '');

-- Field XREF
INSERT INTO BLC_SC_FLD_MAP (BLC_SC_SC_FIELD_ID, SC_ID, SC_FLD_ID, MAP_KEY) VALUES (-500, 500, -400, 'htmlContent');


-- 商品表自定义字段
INSERT INTO BLC_CUSTOM_FIELD(CUSTOM_FIELD_ID,ATTR_NAME,CUSTOM_FIELD_TARGET,CUSTOM_FIELD_TYPE,FIELD_ORDER,FRIENDLY_NAME,GROUP_NAME,SEARCHABLE,SHOW_FIELD_IN_RULE,SHOW_FIELD_ON_FORM,TAB_NAME) VALUES (1, 'serviceAssurance', 'org.broadleafcommerce.core.catalog.domain.ProductImpl', 'HTML', 1, '服务保障', '服务保障', NULL, b'1', b'1', '服务保障');
INSERT INTO BLC_CUSTOM_FIELD(CUSTOM_FIELD_ID,ATTR_NAME,CUSTOM_FIELD_TARGET,CUSTOM_FIELD_TYPE,FIELD_ORDER,FRIENDLY_NAME,GROUP_NAME,SEARCHABLE,SHOW_FIELD_IN_RULE,SHOW_FIELD_ON_FORM,TAB_NAME) VALUES (2, 'qa', 'org.broadleafcommerce.core.catalog.domain.ProductImpl', 'HTML', 1, '常见问题', '常见问题', NULL, b'1', b'1', '常见问题');


-- 系统配置
-- INSERT INTO `BLC_SYSTEM_PROPERTY` VALUES (1, NULL, '网站标题', NULL, 'siteName', b'0', 'STRING', '蔚来商务');
-- INSERT INTO `BLC_SYSTEM_PROPERTY` VALUES (2, NULL, 'SEO关键字', NULL, 'seoKeywords', b'0', 'STRING', '代理记账');
-- INSERT INTO `BLC_SYSTEM_PROPERTY` VALUES (3, NULL, 'SEO描述', NULL, 'seoDescription', b'0', 'STRING', '最著名的南宁代理记账公司');
-- INSERT INTO `BLC_SYSTEM_PROPERTY` VALUES (4, NULL, '网站Logo', NULL, 'siteLogo', b'0', 'STRING', '/img/logo.png');
-- 默认不启用门店自提功能
INSERT INTO `BLC_SYSTEM_PROPERTY`(BLC_SYSTEM_PROPERTY_ID,FRIENDLY_GROUP,FRIENDLY_NAME,FRIENDLY_TAB,PROPERTY_NAME,OVERRIDE_GENERATED_PROP_NAME,PROPERTY_TYPE,PROPERTY_VALUE) VALUES (-1, NULL, '启用门店自提功能', NULL, 'enableInStorePickup', b'1', 'BOOLEAN_TYPE', 'false');

-- 首页SEO
INSERT INTO `BLC_SYSTEM_PROPERTY`(BLC_SYSTEM_PROPERTY_ID,FRIENDLY_GROUP,FRIENDLY_NAME,FRIENDLY_TAB,PROPERTY_NAME,OVERRIDE_GENERATED_PROP_NAME,PROPERTY_TYPE,PROPERTY_VALUE) VALUES (-2, NULL, '网站标题', NULL, 'siteTitle', b'1', 'STRING', 'ZaoJiCMS');
INSERT INTO `BLC_SYSTEM_PROPERTY`(BLC_SYSTEM_PROPERTY_ID,FRIENDLY_GROUP,FRIENDLY_NAME,FRIENDLY_TAB,PROPERTY_NAME,OVERRIDE_GENERATED_PROP_NAME,PROPERTY_TYPE,PROPERTY_VALUE) VALUES (-3, NULL, '网站副标题', NULL, 'siteSubtitle ', b'1', 'STRING', '下一代智能网店系统');
INSERT INTO `BLC_SYSTEM_PROPERTY`(BLC_SYSTEM_PROPERTY_ID,FRIENDLY_GROUP,FRIENDLY_NAME,FRIENDLY_TAB,PROPERTY_NAME,OVERRIDE_GENERATED_PROP_NAME,PROPERTY_TYPE,PROPERTY_VALUE) VALUES (-4, NULL, '网站关键字', NULL, 'siteKeywords', b'1', 'STRING', '开源商城,java商城,分销系统,新零售系统,微商城,微店');
INSERT INTO `BLC_SYSTEM_PROPERTY`(BLC_SYSTEM_PROPERTY_ID,FRIENDLY_GROUP,FRIENDLY_NAME,FRIENDLY_TAB,PROPERTY_NAME,OVERRIDE_GENERATED_PROP_NAME,PROPERTY_TYPE,PROPERTY_VALUE) VALUES (-5, NULL, '网站描述', NULL, 'siteDescription', b'1', 'STRING', 'ZaoJiCMS是一款由广西蔚来商务咨询有限公司自主研发的智慧零售商城,配备大数据功能，帮助客户深度挖掘商机');

-- 分类导航标题、推荐商品标题
INSERT INTO `BLC_SYSTEM_PROPERTY`(BLC_SYSTEM_PROPERTY_ID,FRIENDLY_GROUP,FRIENDLY_NAME,FRIENDLY_TAB,PROPERTY_NAME,OVERRIDE_GENERATED_PROP_NAME,PROPERTY_TYPE,PROPERTY_VALUE) VALUES (-6, NULL, '分类导航标题', NULL, 'categoryLabel', b'1', 'STRING', '商品分类');
INSERT INTO `BLC_SYSTEM_PROPERTY`(BLC_SYSTEM_PROPERTY_ID,FRIENDLY_GROUP,FRIENDLY_NAME,FRIENDLY_TAB,PROPERTY_NAME,OVERRIDE_GENERATED_PROP_NAME,PROPERTY_TYPE,PROPERTY_VALUE) VALUES (-7, NULL, '推荐商品标题', NULL, 'recommendedItems', b'1', 'STRING', '推荐商品');

-- category.featuredProducts
-- INSERT INTO `BLC_SYSTEM_PROPERTY`(BLC_SYSTEM_PROPERTY_ID,FRIENDLY_GROUP,FRIENDLY_NAME,FRIENDLY_TAB,PROPERTY_NAME,OVERRIDE_GENERATED_PROP_NAME,PROPERTY_TYPE,PROPERTY_VALUE) VALUES (-7, NULL, '分类商品标题', NULL, 'category.featuredProducts', b'1', 'STRING', '推荐商品');

-- 物流
-- 门店自提
INSERT INTO BLC_FULFILLMENT_OPTION (FULFILLMENT_OPTION_ID, NAME, LONG_DESCRIPTION, USE_FLAT_RATES, FULFILLMENT_TYPE) VALUES (4, '门店自提', '就近选择门店自提', FALSE, 'PHYSICAL_SHIP');
INSERT INTO BLC_FULFILLMENT_OPTION_FIXED (FULFILLMENT_OPTION_ID, PRICE) VALUES (4, 0.00);

-- 官方配送
INSERT INTO BLC_FULFILLMENT_OPTION (FULFILLMENT_OPTION_ID, NAME, LONG_DESCRIPTION, USE_FLAT_RATES, FULFILLMENT_TYPE) VALUES (5, '官方配送', '官方统一安排配送', FALSE, 'PHYSICAL_SHIP');
INSERT INTO BLC_FULFILLMENT_OPT_BANDED_PRC(FULFILLMENT_OPTION_ID) VALUES (5);
INSERT INTO BLC_FULFILLMENT_PRICE_BAND (FULFILLMENT_PRICE_BAND_ID, RETAIL_PRICE_MINIMUM_AMOUNT, FULFILLMENT_OPTION_ID, RESULT_AMOUNT, RESULT_AMOUNT_TYPE) VALUES (1, 0.00, 5, 0.00, 'RATE');

-- 删除无用的配送方式
DELETE FROM BLC_FULFILLMENT_OPTION_FIXED WHERE FULFILLMENT_OPTION_ID = 1;
DELETE FROM BLC_FULFILLMENT_OPTION WHERE FULFILLMENT_OPTION_ID = 1;

DELETE FROM BLC_FULFILLMENT_OPTION_FIXED WHERE FULFILLMENT_OPTION_ID = 2;
DELETE FROM BLC_FULFILLMENT_OPTION WHERE FULFILLMENT_OPTION_ID = 2;

DELETE FROM BLC_FULFILLMENT_OPTION_FIXED WHERE FULFILLMENT_OPTION_ID = 3;
DELETE FROM BLC_FULFILLMENT_OPTION WHERE FULFILLMENT_OPTION_ID = 3;

-- 修改管理员密码
UPDATE BLC_ADMIN_USER set PASSWORD = '$2a$10$ItXPDuvNP4zLB2tRTAvaduY2VIb1w5XrlZtd/DoTkn.OAVKXqUIoO' WHERE LOGIN = 'admin';

-- 删除默认的demo商品数据
delete from BLC_PRODUCT_ATTRIBUTE;
delete from BLC_SKU_ATTRIBUTE;
UPDATE BLC_PRODUCT SET DEFAULT_SKU_ID = null;
DELETE from BLC_SKU_MEDIA_MAP;
DELETE FROM BLC_SKU_OPTION_VALUE_XREF;

delete from BLC_SKU;
DELETE FROM BLC_CATEGORY_PRODUCT_XREF;
DELETE FROM BLC_PRODUCT_FEATURED;
DELETE FROM BLC_PRODUCT_OPTION_XREF;
delete from BLC_PRODUCT;

DELETE FROM BLC_CAT_SITE_MAP_GEN_CFG;
DELETE FROM BLC_CAT_SEARCH_FACET_XREF;
DELETE FROM BLC_CATEGORY_XREF;
DELETE FROM BLC_CATEGORY;

-- 联系我们页面
INSERT INTO BLC_PAGE (PAGE_ID, DESCRIPTION, META_TITLE, PAGE_TMPLT_ID, FULL_URL) VALUES (100, '联系我们', '联系我们', 2, '/contact_us');
INSERT INTO BLC_PAGE_FLD(PAGE_FLD_ID, FLD_KEY, VALUE, PAGE_ID) VALUES (5, 'body', '测试内容', 100);
INSERT INTO BLC_PAGE_FLD(PAGE_FLD_ID, FLD_KEY, VALUE, PAGE_ID) VALUES (6, 'title', '联系我们', 100);

-- 删除广告链接url的正则验证
UPDATE BLC_FLD_DEF SET VLDTN_REGEX = null WHERE FLD_DEF_ID = 8;

-- 启用分销功能
INSERT INTO `BLC_SYSTEM_PROPERTY`(BLC_SYSTEM_PROPERTY_ID,FRIENDLY_GROUP,FRIENDLY_NAME,FRIENDLY_TAB,PROPERTY_NAME,OVERRIDE_GENERATED_PROP_NAME,PROPERTY_TYPE,PROPERTY_VALUE) VALUES (-100, NULL, '启用分销功能', NULL, 'enableDistribution', b'1', 'BOOLEAN_TYPE', 'false');

-- 支付功能开启
INSERT INTO `BLC_SYSTEM_PROPERTY`(BLC_SYSTEM_PROPERTY_ID,FRIENDLY_GROUP,FRIENDLY_NAME,FRIENDLY_TAB,PROPERTY_NAME,OVERRIDE_GENERATED_PROP_NAME,PROPERTY_TYPE,PROPERTY_VALUE) VALUES (-101, NULL, '启用微信支付', NULL, 'enableWxPay', b'1', 'BOOLEAN_TYPE', 'true');
INSERT INTO `BLC_SYSTEM_PROPERTY`(BLC_SYSTEM_PROPERTY_ID,FRIENDLY_GROUP,FRIENDLY_NAME,FRIENDLY_TAB,PROPERTY_NAME,OVERRIDE_GENERATED_PROP_NAME,PROPERTY_TYPE,PROPERTY_VALUE) VALUES (-102, NULL, '启用支付宝', NULL, 'enableAlipay', b'1', 'BOOLEAN_TYPE', 'true');
INSERT INTO `BLC_SYSTEM_PROPERTY`(BLC_SYSTEM_PROPERTY_ID,FRIENDLY_GROUP,FRIENDLY_NAME,FRIENDLY_TAB,PROPERTY_NAME,OVERRIDE_GENERATED_PROP_NAME,PROPERTY_TYPE,PROPERTY_VALUE) VALUES (-103, NULL, '启用PayPal', NULL, 'enablePayPal', b'1', 'BOOLEAN_TYPE', 'true');

-- 启用物流功能
-- INSERT INTO `BLC_SYSTEM_PROPERTY`(BLC_SYSTEM_PROPERTY_ID,FRIENDLY_GROUP,FRIENDLY_NAME,FRIENDLY_TAB,PROPERTY_NAME,OVERRIDE_GENERATED_PROP_NAME,PROPERTY_TYPE,PROPERTY_VALUE) VALUES (-104, NULL, '启用物流功能', NULL, 'enableLogistics', b'1', 'BOOLEAN_TYPE', 'false');

-- icp备案
INSERT INTO `BLC_SYSTEM_PROPERTY`(BLC_SYSTEM_PROPERTY_ID,FRIENDLY_GROUP,FRIENDLY_NAME,FRIENDLY_TAB,PROPERTY_NAME,OVERRIDE_GENERATED_PROP_NAME,PROPERTY_TYPE,PROPERTY_VALUE) VALUES (-8, NULL, 'ICP备案', NULL, 'icp', b'1', 'STRING', '桂ICP备******号');